Recipient Name,Award Amount
LEIDOS BIOMEDICAL RESEARCH INC,164259749.46
"LEIDOS, INC.",66793797.0
BLACK CANYON CONSULTING LLC,66010021.269999996
HENSEL PHELPS CONSTRUCTION CO,58073727.25
DELOITTE CONSULTING LLP,41158850.25
DLA TROOP SUPPORT,40210000.0
AEP ENERGY INC,39427081.62
"ICF INCORPORATED, L.L.C.",38601739.08
"KELLY SERVICES, INC.",37623489.8
HIGHRISE CONSULTING INC,29818491.84
"AXLE INFORMATICS, LLC",29339231.919999998
"THE EMMES COMPANY, LLC",28488438.04
"ECS FEDERAL, LLC",27004769.8
GUIDEHOUSE DIGITAL LLC,23998570.42
PARAGON SYSTEMS INC,23690370.770000003
"A-TEK, INC.",21650767.52
"GAP SOLUTIONS, INC.",21458751.37
DUKE UNIVERSITY,18855100.16
"DLH, LLC",18853874.18
"PENOBSCOT HEALTH SERVICES, LLC",18809548.65
BATTELLE MEMORIAL INSTITUTE,15488213.58
"OLGOONIK GENERAL, LLC",15399897.17
"GENERAL DYNAMICS INFORMATION TECHNOLOGY, INC.",14735194.950000001
GUIDEHOUSE INC.,14730691.04
DYNANET CORPORATION,14479286.07
POTOMAC ELECTRIC POWER CO,14158182.43
BOOZ ALLEN HAMILTON INC,14011838.4
ICAHN SCHOOL OF MEDICINE AT MOUNT SINAI,13514630.15
"TANTUS TECHNOLOGIES, INC.",13048174.59
"CHARLES RIVER LABORATORIES, INC.",12921848.33
"SAPIENT GOVERNMENT SERVICES, INC.",12833118.02
"TEMPUS AI, INC",12741975.27
"CORIELL INSTITUTE FOR MEDICAL RESEARCH, INC.",11708083.82
RED RIVER TECHNOLOGY LLC,11152039.03
TRIPLE POINT SECURITY INC,10723117.790000001
"MEDIDATA SOLUTIONS, INC.",10153072.18
"SOCIAL & SCIENTIFIC SYSTEMS, INC.",9974178.81
EMORY UNIVERSITY,9916354.73
PSYCHOGENICS INC.,9482040.0
RELI GROUP INC,9329342.53
NATIONAL JEWISH HEALTH,9292344.0
"BIOQUAL, INC.",9218291.7
LCG SYSTEMS LLC,9081578.499999998
MICROHEALTH LLC,8974693.0
"JS TECHNOLOGY, INC",8803179.59
"ILLUMINA, INC.",8758325.74
ALPHA GENESIS INC,8689951.69
"UNIVERSITY OF GEORGIA RESEARCH FOUNDATION, INC.",8586029.57
"INFORMATION MANAGEMENT SERVICES, INC.",8359318.52
"NATIONAL COLLEGIATE INVENTORS & INNOVATORS ALLIANCE, INC.",8286874.77
"THUNDERCAT TECHNOLOGY, LLC",8190884.21
BELT BUILT CFM GOVERNMENT SERVICES JV LLC,8166061.84
AAC INC.,8046437.52
"LEXICAL INTELLIGENCE, LLC",7768408.49
CMA TECHNOLOGY INC,7408383.5
"NEW AGE DEVELOPMENT GROUP, LLC",7397813.99
BAYLOR COLLEGE OF MEDICINE,7385488.739999999
"GOVPLACE, LLC",7078212.68
"REGENTS OF THE UNIVERSITY OF CALIFORNIA, SAN FRANCISCO, THE",7039684.0
"WESTAT, INC.",6932650.51
C&T TECHNOLOGIES LLC,6761122.59
"GLC ON-THE-GO, INC.",6469590.4
CUTLASS CONTRACTING LLC,6230941.359999999
SCIENTIFIC CONSULTING GROUP INC,6230281.54
"NEW TECH SOLUTIONS, INC.",6219395.0
FEDPOINT SYSTEMS LLC,6062218.56
"TECHNICAL RESOURCES INTERNATIONAL, INC.",6007678.5
GE PRECISION HEALTHCARE LLC,5961736.55
"CHIMP HAVEN, INC.",5950680.0
"PRECISION FOR MEDICINE, INC.",5898871.01
"AFFILIATED ENGINEERS METRO DC, INC.",5631102.19
MRIGLOBAL,5530590.8
"EXPERIMENTAL PATHOLOGY LABORATORIES, INC.",5443955.97
T AND T CONSULTING SERVICES INC.,5205100.16
"IMPRES TECHNOLOGY SOLUTIONS, INC",5204374.909999999
"ANACAPA MICRO PRODUCTS, INC.",5000077.220000001
SEATTLE CHILDREN'S HOSPITAL,4901576.0
"ADG-REI TECHNOLOGY VENTURES, LLC",4873594.62
UNISSANT INC.,4832681.0
REGENCY CONSULTING INC,4726457.149999999
"UNIVERSITY OF MARYLAND, BALTIMORE",4699013.97
PERATON INC.,4613270.55
WASHINGTON SUBURBAN SANITARY COMMISSION,4566811.32
NELSON ENGINEERING CO.,4496573.0
"10X GENOMICS, INC.",4368586.25
"INTEGRATED LABORATORY SYSTEMS, LLC",4347908.1
"WGL ENERGY SERVICES, INC.",4313332.55
POLU KAI SERVICES LLC,4263376.66
MASAI TECHNOLOGIES CORPORATION,4201694.88
"GARTNER, INC.",4110825.63
"CCS ASSOCIATES, INC.",3936959.2
UNIVERSITY OF NORTH CAROLINA AT CHAPEL HILL,3899507.19
"KILIUDA CONSULTING, LLC",3896421.36
MPOWER INCORPORATED,3884314.1799999997
THE LELAND STANFORD JUNIOR UNIVERSITY,3877173.95
MATOS BUILDERS LLC,3862438.19
"DIGITAL INFUZION, LLC",3861006.4200000004
NVT TECHNOLOGIES INC,3854087.8499999996
"WASHINGTON UNIVERSITY, THE",3814508.0
"TREON SUPPORT SERVICES JV, LLC",3790792.9299999997
GOVERNMENT SCIENTIFIC SOURCE INC,3790381.22
CNE-SIGNATURE JV2 LLC,3787197.1
JCS SOLUTIONS LLC,3774781.88
"PANAMERICA COMPUTERS, INC.",3694112.77
WAKE FOREST UNIVERSITY HEALTH SCIENCES,3676220.9
"HELLMUTH, OBATA & KASSABAUM, P.C.",3674751.08
FORS MARSH GROUP LLC,3668755.8000000003
ZAYO GROUP LLC,3576012.0
"ENVISION NOW, LLC",3555380.81
"ONEIDA COMMUNICATIONS, INC.",3549235.64
"RMF ENGINEERING, INC., P.C.",3546236.79
FEROMICS INC,3491882.0
"TRITON SYSTEMS, INC.",3488372.0
"FOUR POINTS TECHNOLOGY, L.L.C.",3471672.0700000003
"AFFIGENT, LLC",3356368.58
IRON VINE SECURITY LLC,3319297.97
LOCUS BIOSCIENCES INC,3318955.0
ARGO CHASING LLC,3311920.0
UNIVERSITY OF MISSISSIPPI MEDICAL CENTER,3269733.06
3D ENVIROLOGICS LLC,3223753.63
THE ADMINISTRATORS OF TULANE EDUCATIONAL FUND,3213518.26
SRI INTERNATIONAL,3204716.09
"MAYO COLLABORATIVE SERVICES, INC.",3120000.0
SCIOME LLC,3103351.0
RHO FEDERAL SYSTEMS DIVISION INC,3000000.0
"CONTINUITY BIOSCIENCES, LLC",2995581.0
NOVOMEDIX LLC,2977013.0
SOFTWARE CONSULTANTS INC,2965920.61
"MICROBIOTIX, INC.",2938788.0
"CHICKASAW FUTREND TECHNOLOGIES ALLIANCE, LLC",2867549.54
"WHITING-TURNER CONTRACTING COMPANY, THE",2861915.0
"DSFEDERAL, INC",2858382.0
"OMEGA BELT BUILT CONSTRUCTION SERVICES JV, LLC",2834404.64
ST JUDE CHILDREN'S RESEARCH HOSPITAL INC,2808504.59
"CARL ZEISS MICROSCOPY, LLC",2789352.87
CYNERGY PROFESSIONAL SYSTEMS LLC,2751686.46
FEI COMPANY,2744074.57
DELOITTE & TOUCHE LLP,2727581.32
PATRIOT LLC,2720933.98
RESEARCH TRIANGLE INSTITUTE,2684791.08
UNIVERSITY OF CALIFORNIA SAN DIEGO,2678430.0
KNZ SOLUTIONS INC,2659409.97
"TRIPOINT SOLUTIONS, LLC",2651458.8099999996
"EBL ENGINEERS, LLC",2620257.16
"EN-NET SERVICES, L.L.C.",2605505.94
TISTA SCIENCE AND TECHNOLOGY CORPORATION,2563459.9
"A P VENTURES, LLC",2548663.0
VANGUARD PACIFIC LLC,2543711.11
BRUKER SCIENTIFIC LLC,2532455.3499999996
THE MITRE CORPORATION,2517693.84
"GOVSMART, INC.",2489974.9
AMERICAN PEST MANAGEMENT INC,2458167.37
"CONCEPT PLUS, LLC",2437316.42
AT-IMPACT LLC,2373755.23
"EDJ ASSOCIATES, INC.",2331995.0
"PRIORITY ONE SERVICES, INC.",2302226.0
"VERIS GROUP, LLC",2249539.76
"AIRPORT METRO CONNECTION, INC",2239218.6
PBCI-PKS JV LLC,2236901.39
"HEALTH RESEARCH, INC.",2221944.0
MARTIN LOYD INC.,2217112.0
ISTOR SOLUTIONS LLC,2209449.0300000003
"NETCOMM, INC.",2203408.1999999997
"WESTWIND COMPUTER PRODUCTS, INC.",2199753.5300000003
ACCESS INTERPRETING INC,2191790.2
"MEDIGEN, INC.",2181107.0
"GLOBAL ENGINEERING SOLUTIONS, INC.",2145896.87
BLUE TECH INC.,2137799.8899999997
"MDB, INC.",2111734.71
ALVAREZ LLC,2080785.3900000001
UNISON SOFTWARE INC,2074500.09
"CAPE FOX FACILITIES SERVICES, LLC",2061281.64
"IDOXSOLUTIONS, INC.",2038213.3599999999
NIKON INSTRUMENTS INC,2031287.92
"THE BIOTEAM, LLC",2027577.52
"COUNTERTRADE PRODUCTS, INC.",2018829.4
UNIVERSITY OF SYDNEY,2000000.0
PORTABLE DIAGNOSTIC SYSTEMS INC,2000000.0
PRESIDENT AND FELLOWS OF HARVARD COLLEGE,1999998.78
"ONPOINT CONSULTING, INC.",1998720.58
SCRIPPS RESEARCH INSTITUTE,1992875.0
BG CONSULTING SERVICES LLC,1985557.0
AGILENT TECHNOLOGIES INC,1980871.55
DOSEOPTICS LLC,1977698.0
BRUKER BIOSPIN CORP,1952442.9700000002
COMPASS FEDERAL CONSULTING LIMITED LIABILITY COMPANY,1911246.8900000001
CARAHSOFT TECHNOLOGY CORP,1895733.91
"NEW YORK GENOME CENTER, INC.",1890886.0
MALBAIE SOLUTIONS INC.,1887441.84
"IQ SOLUTIONS, INC.",1854506.8900000001
ELSEVIER INC.,1823753.86
INTEGRAL MOLECULAR INC,1789225.0
UNIVERSITY OF TEXAS MEDICAL BRANCH AT GALVESTON,1777243.0
DELL FEDERAL SYSTEMS L.P,1768514.8399999999
REGENTS OF THE UNIVERSITY OF MINNESOTA,1703441.3499999999
"FEFA, LLC",1691901.96
"CORELOGIX ASCLEPIUS JV, LLC",1688177.0
IT1 SOURCE LLC,1673104.61
INIMMUNE CORP,1648211.0
WOODBOURNE SOLUTIONS INCORPORATED,1638886.5299999998
"CONTEMPORARIES, INC.",1610858.08
"THE INFORMATICS APPLICATIONS GROUP, INC.",1555194.0
"LUMEN TECHNOLOGIES GOVERNMENT SOLUTIONS, INC",1553053.5
"UNIVERSITY OF CALIFORNIA, LOS ANGELES",1540666.9100000001
"BESHENICH MUIR & ASSOCIATES, LLC",1537332.0
DGI-ATI II LLC,1483916.8
UNIVERSITY OF CALIFORNIA IRVINE,1471321.0
FLYWHEEL DATA LLC,1470079.27
UNIVERSITY OF UTAH,1463601.5799999998
"CYBERDATA TECHNOLOGIES, INC.",1445554.05
TOUGALOO COLLEGE,1437605.36
UNIVERSITY OF ALABAMA AT BIRMINGHAM,1424499.83
"CUSTOMER VALUE PARTNERS, LLC",1412708.48
ACV ENVIRONMENTAL SERVICES INC,1400000.0
"SIEMENS MEDICAL SOLUTIONS USA, INC.",1396714.76
KAISER FOUNDATION HOSPITALS,1370026.0
ACQUISITION PROFESSIONALS LLC,1355060.72
"ALETO, INC.",1315054.48
HENRY FORD HEALTH SYSTEM,1312655.65
OLGOONIK SPECIALTY CONTRACTORS LLC,1297477.41
BLH TECHNOLOGIES INC,1289903.0
CURIA GLOBAL INC,1273255.31
VERADIGM LLC,1271021.76
CHILDREN'S HOSPITAL,1262618.0
"TRANSNETYX, INC",1240734.0999999999
"KLARQUIST SPARKMAN, LLP",1221988.77
RESEARCH INSTITUTE AT NATIONWIDE CHILDREN'S HOSPITAL,1219976.54
"LMI CONSULTING, LLC",1212112.55
MELGAR FACILITY MAINTENANCE LLC,1206409.92
"THE MEDICAL COLLEGE OF WISCONSIN, INC.",1177482.0
MATHEMATICA INC.,1175999.0
GOVERNMENT ACQUISITIONS INC,1172084.56
FISHER SCIENTIFIC COMPANY L.L.C.,1171161.54
GENSCRIPT USA INC,1123021.26
THE UNIVERSITY OF SOUTHERN MISSISSIPPI,1122619.0
UNIVERSITY OF OKLAHOMA,1119678.1400000001
"ACK3 CONSULTING, LLC",1118755.73
"WEEMS DESIGN STUDIO, INC.",1112901.16
"MARTEK GLOBAL SERVICES, INC.",1107315.68
"RIPPLE EFFECT COMMUNICATIONS, INC.",1103223.2
RITZ CONSTRUCTION INC,1097348.0
SYLGER CORP,1078942.5
JEFFERSON CONSULTING GROUP LLC,1077838.1
"DYNAMIC BUSINESS GROUP, INC.",1076674.92
UNIVERSITY OF CHICAGO,1074938.18
"NATIONAL CAPITOL CONTRACTING, LLC",1070842.71
"JUSTIN J. REEVES, L.L.C",1069033.87
"DATA MANAGEMENT TECHNOLOGIES, INC.",1043418.53
TEYA SUPPORT SERVICES LLC,1035755.06
"VARIAN MEDICAL SYSTEMS, INC",1007715.4
"JB CONTRACTING, INC.",1005243.94
CHROMOLOGIC LLC,999637.0
DIGITAL MANAGEMENT LLC,991212.37
"LAB2MARKET, PBC",989780.0
ALPHA OMEGA BIOTECHNOLOGY SERVICES LLC,983549.91
"22ND CENTURY TECHNOLOGIES, INC.",970364.8
TCG INC,966182.09
REON INC,954544.28
SNODGRASS CONTRACTING LLC,947671.8400000001
STERILE SERVICES CO,946768.5299999999
"G.A. CARMICHAEL FAMILY HEALTH CENTER, INC",936997.0
"M2 ENGINEERING, LLC",911979.99
WASHINGTON GAS LIGHT COMPANY,908874.5599999998
"CHEMOMETEC, INC.",897855.0
SANCHEZ GROUP JOINT VENTURE,890953.99
LEICA MICROSYSTEMS INC.,858652.7100000001
RECTOR & VISITORS OF THE UNIVERSITY OF VIRGINIA,843708.0
"REMEDYBIZ, INC.",843332.3
"ADVANCED BIOSCIENCE LABORATORIES, INC.",835005.7000000001
CDW GOVERNMENT LLC,820551.21
"HDR ARCHITECTURE, INC.",818804.43
THE UNIVERISTY OF TEXAS M.D. ANDERSON CANCER CENTER,814578.0
AMERICAN TYPE CULTURE COLLECTION,806111.91
PARAGON MICRO INC,805113.56
WASHINGTON METROPOLITAN AREA TRANSIT AUTHORITY,800000.0
THE POTOMAC EDISON CO,799592.0
"EKAGRA PARTNERS, LLC",791772.84
"THE ST. JOHN GROUP, LLC",783244.63
"CAMRIS INTERNATIONAL, LLC",781441.01
"TECNIPLAST USA, INC.",769951.88
STERLING COMPUTERS CORPORATION,762754.18
JESKELL SYSTEMS LLC,757633.03
LUMICKS USA INC,756600.0
"CACI IDT, LLC",752435.06
"SEKON ENTERPRISE, LLC",752005.49
ENV SERVICES INC,741800.0
NORTHWESTERN CORP,735226.2999999999
"SOMALOGIC OPERATING CO., INC",734572.0
"BOSTON DYNAMICS, INC.",734236.0
"HEALTH DECISIONS, INC.",720765.0
"BECKMAN COULTER, INC.",720694.95
FCN INC,714173.3
ROBERTS OXYGEN CO INC,712319.5800000001
"ARSERVICES, LIMITED",704036.0
PROPERTY & ENVIRONMENTAL MANAGEMENT INC,699832.35
"CAPE FOX ENDEAVOR, LLC",694060.4
ANEON FEDERAL SOLUTIONS LLC,693195.26
"MEDLINE INDUSTRIES, LP",692120.26
"MID-ATLANTIC SERVICES GROUP, INC.",692001.74
FEDERAL ACQUISITION STRATEGIES LLC,680132.82
"HD HR CONSULTING SOLUTIONS, LLC",677377.1
THE RESEARCH FOUNDATION FOR THE STATE UNIVERSITY OF NEW YORK,677105.0
SCITECH SERVICES INC,675551.1
"JOHNSON CONTROLS, INC",673596.23
OXFORD NANOPORE TECHNOLOGIES INC,666439.21
THE REGENTS OF THE UNIV. OF COLORADO,665199.11
WATERS TECHNOLOGIES CORPORATION,661162.34
"NEW YEAR TECH, INC",656293.15
JACKSON LABORATORY,654978.11
"FEDERAL MANAGEMENT PARTNERS, LLC",650534.4
VANDERBILT UNIVERSITY MEDICAL CENTER,650000.0
"CFR ENGINEERING CONSULTANTS, INC.",645660.3400000001
VAULTES LLC,642855.82
ADVANCED CLEANROOM MICROCLEAN CORP,630250.62
VIRGINIA COMMONWEALTH UNIVERSITY,627189.3
STRATEGIX MANAGEMENT LLC,624275.0
"HBVTECH, L.L.C",606178.0
LYNNTECH INC.,599989.0
L2 DIAGNOSTICS LLC,599471.0
CHAPPELLE MECHANICAL SERVICES LLC,596908.0
"FLUID DISCOVERY, INC.",595337.0
CLARIVATE ANALYTICS (US) LLC,591810.67
"COX SUBSCRIPTIONS, INC.",584111.9
"WESTERLY ENTERPRISES, LLC",579097.0
STANDARD BIOTOOLS INC,570072.0
VWR INTERNATIONAL LLC,561706.55
"XPECT SOLUTIONS, INC.",555742.94
"NATIONAL MEDICAL SERVICES, INC.",549092.0
"INSIGHT PUBLIC SECTOR, INC.",544747.44
ABSS SOLUTIONS INC,542452.11
THERMO ELECTRON NORTH AMERICA LLC,541260.02
CBEYONDATA LLC,541177.22
TYSON PROJECT MANAGEMENT GROUP LLC,538000.0
VIRALGEN VECTOR CORE SL,533124.0
WORLD WIDE PRIMATES INC,531000.0
"AVANT GARDE SCIENTIFIC, INC",530237.0
"BRIGHT REGARDS, LLC",521411.0
CMC BUILDING INC,519641.0
"BETAH ASSOCIATES, INC.",507837.89
"COLUMBUS NANOWORKS, INC.",506498.0
SGC23 JOINT VENTURE LLC,504946.1
"ET&T JV, LLC",504394.33999999997
"INTELLIGENT IMAGING INNOVATIONS, INC",503834.1
"ALAMO CITY ENGINEERING SERVICES, INC.",502761.96
IQVIA GOVERNMENT SOLUTIONS INC,502559.0
CLYM ENVIRONMENTAL SERVICES LLC,501380.0
ADELPHI TECHNOLOGY INC,500000.0
GENCYTE THERAPEUTICS INC,499990.0
STANDARD PETROLEUM LOGISTICS INC,499987.0
"INNOVATION PATHWAYS, LLC",499908.0
"CHEMTREAT, INC.",499433.58
NOMOCAN PHARMACEUTICALS LLC,499166.0
ABBERIOR INSTRUMENTS AMERICA LLC,498402.97
"BETTER DIRECT, LLC",488250.0
"NORESCO, LLC",484573.75
"BUSINESS DEVELOPMENT ASSOCIATES, LLC",480764.96
A-TEAM SOLUTIONS LLC,469186.2
UNIVERSITY OF LOUISIANA AT LAFAYETTE,468113.0
CONSOLIDATED SAFETY SERVICES INCORPORATED,465253.0
ABB INC.,462960.0
FLEXRN INC,460000.0
"EC AMERICA, INC",458687.54
"AMERICAN TESTING, INC.",454790.0
SIKICH CPA LLC,453721.41
FBGC JV LLC,448796.93
"DISYS SOLUTIONS, INC.",448634.24
PDO-PKS JV LLC,437346.23
"THE HENRY M. JACKSON FOUNDATION FOR THE ADVANCEMENT OF MILITARY MEDICINE, INC.",433940.26
"BECTON, DICKINSON AND COMPANY",430315.18
NEW DOMINION CONSTRUCTION LLC,427945.0
IMPYRIAN POWER SYSTEMS LLC,419733.0
OXALIS SOLUTIONS LLC,418907.68
CAPITAL CONSULTING CORP,414981.9
CANDOR SOLUTIONS LLC,414320.77
FAMILY HEALTH INTERNATIONAL,411424.3
"SHIMADZU SCIENTIFIC INSTRUMENTS, INC.",405945.97
SOFT COMPUTER CONSULTANTS INC,403886.72
THE GENERAL HOSPITAL CORPORATION,399097.99
LABREPCO LLC,398025.15
"ALLMOND & CO, LLC",393840.0
"INVOTEX IP, LLC",392464.56
MEDICAL RECORDS CORP. OF MARYLAND,390010.5
INSTITUTE FOR DEFENSE ANALYSES,386000.0
"INFINITY CONFERENCE GROUP, INC.",383636.51
"EMERGENT, LLC",381232.8
ACUMEN LLC,377061.0
ONE FEDERAL SOLUTION CORPORATION,376985.36
"BIO-RAD LABORATORIES, INC.",373362.54000000004
JACKSON STATE UNIVERSITY,370373.0
VETERAN DESIGN & CONSTRUCTION INC,368725.43
"JAMES' ELECTRICAL CONTROL, INC.",366250.70999999996
"LEYDIG, VOIT & MAYER, LTD.",364192.6
NEW YORK STEM CELL FOUNDATION INC,361950.0
CONVERGED SERVICES INC,355223.0
MERLIN BIOTECH INC,355000.0
"CLOVERLEAF BIO, INC.",355000.0
"TIPPINGPOINT BIOSCIENCES, INC.",355000.0
MARWELL BIO INC,355000.0
"K.R. WOLFE, INC.",354997.62
"ASO THERAPEUTICS, INC.",354991.0
METACLIPSE THERAPEUTICS CORP,354957.0
"PATHCISION MEDICINE, INC.",354941.0
FYR DIAGNOSTICS INC,354828.0
RADIANT DX INC.,354753.0
"MATRISOME BIO, INC.",354456.0
TENACI-T THERAPEUTICS LLC,352621.0
"SYSMEX AMERICA, INC",346246.84
HISTORY ASSOCIATES INCORPORATED,344026.15
BHI MANAGEMENT INC,343800.0
"EAGLE HEALTH, LLC",341000.0
SD SOLUTIONS LLC,339522.78
CAPITOL CARBONIC CORP,336463.76
"KEEL'S LANDING, LLC",333464.8
REES SCIENTIFIC CORPORATION,329177.71
NORSEMAN INC,327715.0
"PACIFIC BIOSCIENCES OF CALIFORNIA, INC",323617.58
HYGEIA SOLUTIONS PARTNERS LLC,323503.23
CORITY SOFTWARE INC.,321739.86
NEEVSYS INC.,320814.68
FISHER BIOSERVICES INC,318407.05999999994
"UNIVERSITY OF CALIFORNIA, DAVIS",317961.38
PENNSYLVANIA STATE UNIVERSITY,311680.0
"ALLIANT ENTERPRISES, LLC",310285.34
"BURLESON RESEARCH TECHNOLOGIES, INC.",301462.87
"AXON ENTERPRISE, INC.",300855.96
"THORLABS, INC",300091.2
"SUMMER CONSULTANTS, INC.",300020.47
"PROMPT DIAGNOSTICS, INC.",300000.0
IVIDENCE INC,300000.0
"AI BIOSCIENCES, INC.",300000.0
SCICRUNCH,300000.0
"BAEBIES, INC.",299427.0
ACISTEK LLC,299408.8
"HSU DEVELOPMENT, INC.",298606.0
BALTIMORE GAS AND ELECTRIC COMPANY,298000.0
"DAC RADIATION SAFETY CONSULTING, LLC",296480.0
SNO CORP.,294965.37
QUEST DIAGNOSTICS INCORPORATED,290364.58999999997
ALTASCIENCES CLINICAL KANSAS INC,287422.59
"XTEC, INCORPORATED",287400.0
"TELEDYNE INSTRUMENTS, INC.",284079.5
"DAVID C. SMITH & SON, INC.",278392.0
AGILITY TECHNOLOGIES INC.,274860.0
BIALEK CORPORATION OF MARYLAND,271443.69
FIELDLINE INC.,268000.0
LIFE TECHNOLOGIES CORPORATION,266506.51
"INFINITY-CMA JV, LLC",262778.54
DEFINITIVE LOGIC CORPORATION,262382.41
ASTRIX TECHNOLOGY LLC,261494.53
CHILDREN'S RESEARCH INSTITUTE,258076.0
VIZGEN INC,255034.0
SIEMENS ENERGY INC,254202.12
OXFORD NANOIMAGING INC,249946.96
"BRAIN DONOR PROJECT, THE",249700.0
ARCH SYSTEMS LLC,248920.0
BOLAND TRANE SERVICES INC,248118.0
INOVATE SOLUTIONS INC,248103.6
TECHNATOMY CORPORATION,247533.91
ACHUTI LLC,247011.0
AB STAFFING SOLUTIONS LLC,246000.0
"APPLICA SOLUTIONS, INC.",243353.52
SYNTHRA GMBH,240688.0
PHILIPS NORTH AMERICA LLC,239473.29
"STRYKER SALES, LLC",238511.57
PHOENIX TEXTILE CORPORATION,235976.08
"REVVITY HEALTH SCIENCES, INC.",233973.33000000002
"EUROFINS DISCOVERY SERVICES NORTH AMERICA, LLC",231340.63
HEWLETT PACKARD ENTERPRISE COMPANY,230522.37999999998
"FRANKLIN YOUNG INTERNATIONAL, INCORPORATED",228870.11000000002
ROCHE DIAGNOSTICS CORPORATION,226690.0
SANFORD RESEARCH,222000.0
COMPLETE GENOMICS LLC,222000.0
REGIMED MEDICAL,219850.0
"TECHNICAL FRONTIERS, INC.",219659.81
PROPHARMA GROUP LLC,218961.8
"M2 TECHNOLOGY, INC.",216105.96
LAYLA KASSEM,215602.67
BMF PRECISION INC,211375.0
PER-GEESH CONSTRUCTION CORPORATION,206952.08000000002
CHENEGA RELIABLE SERVICES LLC,202432.1
"BRUKER SPATIAL BIOLOGY, INC.",202158.1
EXXACT CORPORATION,201692.0
"DNANEXUS, INC.",200203.5
AREYANA CORPS SOLUTION INC,199900.0
GENERAL SERVICES ADMINISTRATION GREATER SOUTHWEST FINANCE CENTER (7BC),199681.32
"OMNICELL, INC.",199244.5
PHC CORPORATION OF NORTH AMERICA,198365.82
"GE MEDICAL SYSTEMS INFORMATION TECHNOLOGIES, INC.",193216.29
SIEMENS INDUSTRY INC,192561.28
ACCENTURE FEDERAL SERVICES LLC,192059.52
PROGRESSIVE RECOVERY INC,191750.0
SKOOKUM EDUCATIONAL PROGRAMS,191510.91
TOTAL RESOURCE MANAGEMENT INC,190115.0
OLINK PROTEOMICS INC,188557.41999999998
PHOENIX NMR LLC,187879.0
"ANDOR TECHNOLOGY, INC.",185253.14
CTF MEG NEURO INNOVATIONS INC,185200.0
"IDEXX DISTRIBUTION, INC",184807.64
"BIOLOGICS CONSULTING GROUP, INC.",182000.0
"STANDARD-BLAZAR, LLC",180311.33
QUOTIENTSUB LLC,177951.59
"AMERICAN WORDATA, INC",177504.96
TEAM PLACEMENT SERVICE INC,176404.32
"SURGI-TRON OF MARYLAND, INC.",175000.0
"MEDTRUST, L.L.C.",175000.0
ALCHEM LABORATORIES CORPORATION,174000.0
GLOBAL CONSULTING SERVICES OF MARYLAND LLC,173619.47999999998
UNIVERSITY OF CALIFORNIA SANTA CRUZ,173250.0
"VALOGIC BIO, LLC",170910.5
DIVERSIFIED LABORATORY REPAIR INC,169577.0
"BECTON, DICKINSON AND CO",168754.8
RAILROAD CLEANERS,168010.0
IRON MOUNTAIN INFORMATION MANAGEMENT LLC,167204.57
"UNIVERSITY OF MARYLAND, COLLEGE PARK",165000.0
LAB EXPRESS LLC,164747.5
PITCHBOOK DATA INC,161500.0
METAL MEN LLC,161422.97
LOUISIANA STATE UNIVERSITY HEALTH SCIENCES CENTER NEW ORLEANS,161063.54
UNIVERSITY OF WISCONSIN SYSTEM,159180.68
COLLABORATIVE TECHNOLOGIES AND COMMUNICATIONS CORP.,158054.6
"TRUESHRED, INC.",157961.44
WASHINGTON HOSPITAL CENTER CORPORATION,157510.64
UNIVERSITY OF VERMONT & STATE AGRICULTURAL COLLEGE,157458.65
ETS-LINDGREN INC,156964.16
NORGEN BIOTEK CORP,156600.0
AB SCIEX LLC,156277.27
"SYNERGY ENTERPRISES, INC",155801.31
"ARBOR RESEARCH, LLC",152920.0
DIASORIN INC,152141.45
"CHESAPEAKE OPEN MRI, LLC",151400.0
PINE PHARMACEUTICALS LLC,151181.28000000003
"CAMBRIDGE ISOTOPE LABORATORIES, INC",151163.0
INTERNATIONAL RESEARCH ETHICS CONSULTATION - INNEHAVER REIDAR LIE,150000.0
"TURNER REMODELING, INC",150000.0
HD INC.,150000.0
"4 G PLUMBING AND HEATING, INC.",150000.0
"ULTIMA GENOMICS, INC.",146500.0
"OCLC, INC",145890.44
NTVI SOLUTIONS LLC,145764.35
MACHAON DIAGNOSTICS INC,145080.0
"ADVANCED COMPUTER CONCEPTS, INC.",144728.83
"TECHNOLOGY SOLUTIONS PROVIDER, LLC",143684.4
EVOSEP INC.,143115.42
ALEUT SERVICES LLC,142783.87
MOLECULAR DEVICES LLC,140408.16
CYCLOPE BIO SL,140000.0
LOVELACE BIOMEDICAL RESEARCH INSTITUTE,139107.0
"QIAGEN, LLC",138294.95
"BELL TECHLOGIX, INC.",137823.24
ABCAM INC,137690.0
"KAIVA-SIGNATURE JV, LLC",135926.0
"BMG LABTECH, INC.",135833.84
"TUCKER-DAVIS TECHNOLOGIES, INC.",135512.0
"LA JOLLA ALCOHOL RESEARCH, INC.",135000.0
"STERLING MEDICAL ASSOCIATES, INC",135000.0
"NEW YORK EMBROIDERY STUDIO, INC.",134400.0
"EDGE TECHNOLOGY DISTRIBUTORS, INC.",132364.46
"CAREFUSION SOLUTIONS, LLC",132242.91999999998
"CANON U.S.A., INC.",131812.26
"BLT FUND9 BETHESDAN, LLC",131399.61000000002
"ACTUATED MEDICAL, INC.",131392.0
PUBLIC HEALTH INSTITUTE,131299.0
CERUS CORPORATION,131071.2
PSOMAGEN INC,131055.0
"NANJING TRANSCEND VIVOSCOPE BIOTECHNOLOGY CO., LTD",130350.0
AMERICAN SOCIETY OF HEALTH-SYSTEM PHARMACISTS INC,128958.0
PRESERVICA INC,128035.54
"METABOLON, INC.",126253.76
GLOBAL LIFE SCIENCES SOLUTIONS USA LLC,126243.02
IONOPTIX LLC,125220.0
J & J MAINTENANCE INC,124587.51
VIRGINIA DEPARTMENT OF HEALTH,122619.0
AMUZA INC.,119658.70999999999
"THE MATHWORKS, INC.",118166.4
ALDEVRA LLC,117932.88
YALE UNIV,117475.8
INODE INK CORPORATION,116645.94
"QUADIENT, INC.",116062.85
"SCALE BIOSCIENCES, INC",115835.0
TRILLAMED LLC,115423.0
QUARTO CONSERVATION OF BOOKS & PAPER INC,114000.0
"PROAIM AMERICAS, LLC.",113488.81
LABKEY CORPORATION,113384.0
CREATIVE BIOLABS INC,112658.0
"HEALTHEQUITY, INC.",111804.0
JC TECHNOLOGY INC,111344.45
PROTEINSIMPLE,109152.96
HL CONSULTECH JV LLC,108393.68
BOSTON MEDICAL CENTER CORPORATION,104919.01
"NEXUS GROUP, LLC",102720.0
AMPSEQ LLC,102040.0
"CHEROENHAKA NOTTOWAY ENTERPRISES, LLC",101293.34
"WIZDOCS.NET, INC.",101195.0
INTEGRA LIFESCIENCES CORPORATION,101185.74
"CHEMOGENICS BIOPHARMA, LLC",101000.0
"JBS CONTRACTING, LLC",100699.39
OREGON HEALTH & SCIENCE UNIVERSITY,100293.76
TECH62 INC,100000.08
LIBERTY ELECTRIC INC,100000.0
AKIMA FACILITIES OPERATIONS LLC,100000.0
"ALAMAR BIOSCIENCES, INC.",100000.0
"ANTEC (USA), LLC",99767.0
NUAIRE INC,98757.37
"PLATINUM BUSINESS SERVICES, LLC",97439.0
BABIES 'N BUSINESS LIMITED LIABILITY COMPANY,97016.67
"BIOLEGEND, INC.",96526.55
OLD DOMINION UNIVERSITY,96167.0
"GENOMIC TESTING COOPERATIVE, LCA",96000.0
AZENTA US INC,94653.77
CREAGEN INC,94400.0
"BINDING SITE, INC., THE",92820.12
"MURTY PHARMACEUTICALS, INC.",92724.0
"DARK HORSE CONSULTING GROUP, INC.",90400.0
BRAIN VISION LLC,90315.0
"PROTEINTECH GROUP, INC.",90000.0
THE REGENTS OF THE UNIVERSITY OF COLORADO,89977.8
"CENTER FOR BIOETHICS AND RESEARCH, NIGERIA",88492.5
DOLIVEIRA SYSTEMS LLC,88416.51
MESO SCALE DIAGNOSTICS LLC,85830.45
DYNAMIC SYSTEMS INC,85707.55
THE REMI GROUP LLC,85312.16
SP INDUSTRIES INC,85270.0
SURFACE TECHNOLOGY INC,85211.0
MEDIALAB SOLUTIONS LLC,84844.65
WERFEN USA LLC,84498.66
"INTEGRATION TECHNOLOGIES GROUP, INC.",84090.69
JOHNSON CONTROLS FIRE PROTECTION LP,83960.0
"FIDELITY DECYPHER SERVICES, LLC",83136.0
"TESTFORCE USA, INC.",83063.4
"OPENEYE SCIENTIFIC SOFTWARE, INC",82910.0
PURVIS SYSTEMS INC,82671.09
ALLIED AIR COMPRESSOR INC,81700.69
"BIO-LOGIC USA, LLC",81507.15
"ISLAS GENERAL CLEANING SERVICES, INC.",80000.0
FCA US LLC,79153.01999999999
HF GROUP LLC,78859.71
ONE PARKING 6700 ROCKLEDGE INC,78540.0
"LONZA WALKERSVILLE, INC",78115.72
REMEL INC.,77612.41
GENEXPLAIN GMBH,76860.0
"SENTEC, INC.",76308.0
NOVOGENE CORPORATION INC,75290.0
ALBERT EINSTEIN COLLEGE OF MEDICINE,74866.0
TEL AVIV UNIVERSITY,74854.0
TYGART TECHNOLOGY INC,74234.62
WARNER GRAHAM LLLP,74164.0
"CARTRIDGE TECHNOLOGIES, LLC",73383.11
ABBOTT LABORATORIES INC.,72649.0
"LI-COR BIOTECH, LLC",71936.0
US SPECIALTY FORMULATIONS LLC,71875.0
"ARIMA GENOMICS, INC.",71852.6
"AVIDITY SCIENCE, LLC",71530.0
COVIDIEN SALES LLC,70988.44
"MED ASSOCIATES, INC.",70451.0
HISPANIC ASSOCIATION OF COLLEGES & UNIVERSITIES,70433.4
"COHERENT NA, INC.",70202.24
FUS INSTRUMENTS INC.,70000.0
"MEI RESEARCH, LTD.",70000.0
LAMBDA INC,69813.7
BIOMERIEUX INC,69627.20999999999
SPT LABTECH LIMITED,69514.4
POLSINELLI PC,69153.0
"MISSION BIO, INC",68265.0
"VISION TECHNOLOGIES, LLC",68148.9
"LSM TECHNICAL SOLUTIONS, LLC",67185.0
LIFE SCIENCE PRODUCTS INC,67153.5
GALILEO DYNAMICS B.V.,66700.0
VISION RT INC,66683.0
"TECHNICAL COMMUNITIES, INC.",66660.59
TK ELEVATOR CORPORATION,65961.72
THE CHILDREN'S INN AT NIH INC,65514.08
AD & RESOURCES LLC,65217.07
"SAMYAK SOLUTIONS, INC.",65005.03
"WILSON WOLF MANUFACTURING, LLC",65000.0
HORIZON DISCOVERY BIOSCIENCES LIMITED,64787.1
ACCESSAGILITY LLC,64734.36
"BOWTIE ENGINEERING, LLC",64400.3
BLUEFIN LLC,64325.8
"LABLOGIC SYSTEMS, INC.",64278.8
"CONSELARA, LLC",64120.32
"CENSIS TECHNOLOGIES, INC.",64000.8
"MOBILE COMMUNICATIONS AMERICA, INC.",62802.14
FERGUSON MARTIN,62790.0
HID GLOBAL CORP,62451.2
"TUBEWRITER, LLC",62275.0
LABVANTAGE SOLUTIONS INC,62206.46
CAYUSE HOLDINGS LLC,61719.31
"GOVERNMENT SALES, LLC",61568.83
NEWPORT CORP,60507.34
SCHEDMD LLC,60318.0
"BREAKAWAY, LTD.",60000.0
"FEDTEK, INC.",59945.72
VENATORX PHARMACEUTICALS INC,59932.72
"BLACKBOX BIOTECH, INC",59775.0
WORLD WIDE TECHNOLOGY LLC,58443.84
"CARESTREAM HEALTH, INC",57791.44
THERAKOS LLC,57712.520000000004
THALESNANO NANOTECHNOLOGIAI KUTATO-FEJLESZTO ZARTKORUEN MUKODO RESZVENYTARSASAG,57652.71
TRILOGY INNOVATIONS INC.,57553.82
"GENERAL AND MECHANICAL SERVICES, LLC",57528.06
SARTORIUS CORPORATION,57482.12
MOTIC INSTRUMENTS USA INC,57408.76
TERUMO BCT INC,56244.590000000004
TENNESSEE DEPARTMENT OF HEALTH,55633.0
"HAMILTON MEDICAL, INC",55212.97
SCHRODINGER LLC,55070.0
WJM PROFESSIONAL SERVICES LLC,55000.0
AMERICAN HOSPITAL ASSOCIATION,54654.0
CANON MEDICAL INFORMATICS INC,54386.77
ABACUS SERVICE CORP,54110.63
DBISP LLC,54062.09
CHEMAXON LLC,52500.0
POLARIZE APS,52500.0
"BETHESDA SCIENTIFIC, INC.",52007.44
PROMEGA CORPORATION,51312.0
"THE BROAD INSTITUTE, INC",51235.0
BEACON POINT ASSOCIATES LLC,51195.0
SAF-GARD SAFETY SHOE CO,51150.0
UK BIOBANK LIMITED,51066.78
AMERICAN ASSOCIATION FOR THE ADVANCEMENT OF SCIENCE,51020.04
STATE OF WISCONSIN DEPARTMENT OF HEALTH SERVICES,50746.0
"ALLENTOWN, LLC",50712.5
NEW INNOVATIONS INC,50605.0
AZURE BIOSYSTEMS INC,50545.91
STOELTING CO,50437.08
SPRINGER NATURE CUSTOMER SERVICE CENTER LLC,50360.0
"LAB PRODUCTS, LLC",50219.84
ECKERT & ZIEGLER EUROTOPE GMBH,50079.02
ANSIBLE GOVERNMENT SOLUTIONS LLC,50000.0
ROCKY MOUNTAIN INDUSTRIAL CONTROL INC,50000.0
PREOMICS INC,49999.2
"BIOPAC SYSTEMS, INC.",49991.0
"ADVANCED AIR AMBULANCE, CORP.",49980.0
SDV OFFICE SYSTEMS LLC,49975.0
COLORADO DEPARTMENT OF PUBLIC HEALTH & ENVIRONMENT,49926.0
PLEXUS SCIENTIFIC CORPORATION,49922.56
INOVA HEALTH CARE SERVICES,49872.8
NATUS MEDICAL INCORPORATED,49832.97
HAMAMATSU CORP,49762.0
"EPPENDORF NORTH AMERICA, INC.",49232.509999999995
"BIOSKRYB, INC.",48802.11
"CYTEK BIOSCIENCES, INC.",48618.88
RIMA CONSTRUCTION LLC,48550.0
BIO RAD LABORATORIES INC,48533.28
"CARDINAL HEALTH, INC.",48432.0
"ATLANTA FORK LIFTS, INC.",48225.01
MANAGE INCORPORATED,48109.92
BURGE BRADFORD,48000.0
"ADVARRA, INC.",47780.0
ENAMINE US INC.,47576.0
"SYSTEMS NORTHWEST, LLC",47560.0
QUANTUM SURGICAL INCORPORATED,47500.0
ZOOM INC.,47182.22
"THE MARYLAND HOSPITAL ASSOCIATION, INCORPORATED",47147.0
EMD MILLIPORE CORP,46823.8
ACE PARKING MANAGEMENT INC,46740.0
"CARL ZEISS, INC.",46353.509999999995
HITECH INSTRUMENTS INC,45993.91
SCIENCE SUITE INC.,45765.0
STEMCELL TECHNOLOGIES INC,45687.9
RESIDENCE INN BY MARRIOTT LLC,45594.37
PHILIPS HEALTHCARE INFORMATICS INC.,45500.0
CALIBRESCIENTIFIC GLOBAL DISTRIBUTION INC,45211.5
MILLBROOK SUPPORT SERVICES INC,45000.0
SIEMENS HEALTHCARE DIAGNOSTICS INC.,44899.35
BIOMEDICAL RESEARCH ALLIANCE OF NEW YORK LLC,44590.0
BIOCYTOGEN BOSTON CORP,44320.0
"SYNERGY GROUP JV, LLC",44037.64
"KARIUS, INC.",44000.0
ANCARE CORP,43900.0
SPACELABS HEALTHCARE LLC,43117.979999999996
MESTRELAB RESEARCH SL,42267.41
"V3GATE, LLC",42000.0
CTR CONSULTING LLC,41894.33
VERATHON INC,41822.21
MAVEN GROUP LLC,41809.38
L1 ENTERPRISES INCORPORATED,41775.3
NEUROPACE INC,41400.0
OPANS LLC,40500.0
"INFOR (US), LLC",40178.45
STERIS CORPORATION,40078.88
EOLA POWER LLC,40055.14
"GOVERNMENT MARKETING AND PROCUREMENT, LLC",39756.6
APPLIED SCIENTIFIC INSTRUMENTATION INC.,39700.0
"AKOYA BIOSCIENCES, INC",39144.0
MARSHALL SCIENTIFIC LLC,38886.34
"E3 DIAGNOSTICS, INC.",38776.28
DIAGNOSYS LLC,38700.0
TOMCO ELECTRONICS PTY LTD,38512.08
IPHARMASUPPORTS LLC,38493.39
TGA CAPITAL GATEWAY LLC,38469.42
"NEAL R. GROSS AND COMPANY, INC.",38280.0
MCDONNELL BOEHNEN HULBERT & BERGHOFF LLP,38216.0
HEARING DIAGNOSTICS LLC,38100.0
CRAFTMASTER HARDWARE LLC,38096.4
OPTO ENGINE LLC,38074.0
PROTEOGENIX,37630.0
CREATIVE BIOGENE INC,37180.0
"MACLEAN-PANEFFORT, LLC",37147.0
ZEIGLER BROS INC,37052.4
"AIRGAS USA, LLC",36887.75
RECOVERY POINT SYSTEMS INC,36472.63
BIONIC POWER INC.,36400.0
ADVANCED STERILIZATION PRODUCTS SERVICES INC.,36385.44
"MG SCIENTIFIC, INC.",36092.0
COLLEEN CURTIN,36060.0
"PREMIER & COMPANIES, INC.",36002.4
LUNDQUIST INSTITUTE FOR BIOMEDICAL INNOVATION AT HARBOR-UCLA MEDICAL CENTER,35995.99
MIM SOFTWARE INC,35855.67
"LYME COMPUTER SYSTEMS, INC.",35808.86
BIO-TECHNE SALES CORPORATION,35726.5
"E B A ERNEST BLAND ASSOCIATES, P.C.",35479.22
INFORS USA INC,35034.0
"BIOLIFE SOLUTIONS, INC.",35009.0
LIFECANVAS TECHNOLOGIES INC,34904.0
OPTIBRIUM LIMITED,34450.0
"PERFORMANCE WATER SYSTEMS ESR, LLC",33954.82
"USONA INSTITUTE, INC",33700.0
GP STRATEGIES CORPORATION,33690.0
"ZEF SCIENTIFIC, INC.",33619.2
SUTTER INSTRUMENT CORP,32922.0
"GILSON, INC.",32846.97
"EVIDENT SCIENTIFIC MIS, INC.",32221.64
"HITACHI HIGH-TECH AMERICA, INC.",32114.0
"BRANDAN ENTERPRISES, INC.",31813.46
TURTLE SHELL INDUSTRIES LLC,31650.0
"MAUNA KEA TECHNOLOGIES, INC.",31296.48
"OXFORD INSTRUMENTS AMERICA, INC.",30720.0
SCANCO USA INC,30500.0
SONY BIOTECHNOLOGY INC.,30456.0
MOUNTAINSIDE INNOVATIONS LLC,30292.5
BDX RESEARCH & CONSULTING LLC,30000.0
"CARDINAL HEALTH 414, LLC",30000.0
KRISHAGNI LLC,30000.0
VPRIME TECH INC,29883.89
"JEOL USA, INC.",29807.13
APPLIED PHOTOPHYSICS INC.,29740.0
"CARDINAL HEALTH 200, LLC",29739.24
CYVEK INC,29683.0
LIN JIUNN,29600.0
BURGHART MESSTECHNIK GMBH,29499.21
EMINENT SERVICES CORP,29276.0
"FASTENERS RX, INC",28753.04
EVOQUA WATER TECHNOLOGIES LLC,28560.0
ATCOR MEDICAL INC USA,28400.0
"FORCELEADER, INC.",28400.0
"TOXSTRATEGIES, LLC",28000.0
H. CO. COMPUTER PRODUCTS,27662.0
"PLEXON, INC",27410.0
UNIQUE TECHNOLOGY SYSTEMS LLC,27263.75
MOBILITY RESEARCH INC,27245.0
"ADVANCED CELL DIAGNOSTICS, INC.",26857.0
"FM:SYSTEMS GROUP, LLC",26854.0
EDAC SYSTEMS INC,26760.0
GE HEALTHCARE INC,26635.0
MACVECTOR INC,26591.0
"PENTAX OF AMERICA, INC.",26500.0
OUTFRONT MEDIA INC.,26500.0
"GRENOVA, INC",26464.0
SCIENTIFIC VOLUME IMAGING B.V.,26306.0
"AXION BIOSYSTEMS, INC.",26205.56
DAVID KOPF INSTRUMENTS,25893.94
"BIONANO GENOMICS, INC",25624.35
"EVIDENT SCIENTIFIC, INC.",25365.14
VCLOUD TECH INC,25258.59
"GRAPHPAD SOFTWARE, LLC",25200.0
AMERICAN SOCIETY FOR HEALTH CRM,25000.0
MEGAN TERESA ZINSKY,25000.0
MEGAN MURPHY,25000.0
MOVING MASTERS INC,25000.0
KING ELEVATOR LLC,25000.0
"ALTORIS, INC.",25000.0
"ALPHA OMEGA CO. USA, INC.",25000.0
HENRIQUE BASS,25000.0
UNIVERSITY OF MARYLAND BALTIMORE COUNTY,25000.0
UNIVERSITY OF MARYLAND MEDICAL SYSTEM CORPORATION,24999.99
THE UNIVERSITY OF MISSISSIPPI,24999.0
CELLINK LLC,24999.0
YA JUN ZHANG,24992.31
"IRON BOW TECHNOLOGIES, LLC",24990.73
VIGNET INC.,24990.0
DMT-USA INC,24990.0
"STELLAR SCIENTIFIC, LLC",24989.65
HEALTH OUTCOMES INC,24975.0
"TENCARVA MACHINERY COMPANY, LLC",24961.84
NARUN PORNPATTANANANGKUL,24960.0
COY LABORATORY PRODUCTS INC,24958.76
TRITECH COMMUNICATIONS INC,24950.0
HARMONIZED HEALTH ANALYTICS LLC,24920.0
"K S A INTERIORS, INC.",24912.0
"WESTEX GROUP, INC",24905.48
C M CHERRY CONSULTING LLC,24900.0
"CELL SIGNALING TECHNOLOGY, INC.",24873.36
"ANATRACE PRODUCTS, LLC",24828.8
ENVIGO RMS LLC,24804.0
"BOECKELER INSTRUMENTS, INC.",24791.0
TECH SITE SERVICES LLC,24790.0
HJARTAVERND SES,24739.0
QST LAB,24650.0
PHARMARON (EXTON) LAB SERVICES LLC,24623.5
QUEST DIAGNOSTICS NICHOLS INSTITUTE INC,24596.2
PYTHON AI SOLUTIONS LIMITED,24500.0
JUAN SEBASTIAN PENA VARGAS,24500.0
"FRIENDS OF PATIENTS AT THE NIH, INC.",24249.75
STARR LIFE SCIENCES CORP,24220.0
"NEURONEXUS TECHNOLOGIES, INC.",24204.5
AGILQUEST CORPORATION,24105.41
"PUBLIC DEMOCRACY, INC.",24000.0
PEARSON PHARMA PARTNERS,24000.0
A2Z PERSONNEL HAMILTON INC,24000.0
ARIZONA STATE UNIVERSITY,24000.0
A-TUNE SOFTWARE INC.,24000.0
TIGER SUPPLIES INC,23750.0
"PRODO LABORATORIES, INC",23725.0
ROMEM AQUA SYSTEMS CO INC,23601.0
"DYNAVISION GLOBAL HOLDINGS, LLC",23400.0
STANCE HEALTHCARE INC.,23106.4
"NCS PEARSON, INC.",23006.0
"3D SYSTEMS, INC.",23000.0
QUIP LABORATORIES INC,22993.19
POLYSCIENCES INC,22901.0
"DNASTAR, INC.",22700.0
PICOQUANT PHOTONICS NORTH AMERICA INC,22679.0
LUMIVERO LLC,22651.2
LIFENET HEALTH,22625.0
QUEEN MARY UNIVERSITY OF LONDON,22404.71
ASTROPHYSICS INC,22305.0
"ABVACC, INC.",21962.76
"W.W. GRAINGER, INC.",21930.87
GENESIS ENGINEERS INC,21380.0
"LAFAYETTE INSTRUMENT COMPANY, LLC",21275.0
OZGENE PTY LTD,21267.0
PI PHYSIK INSTRUMENTE LP,21219.1
BURHANI ENTERPRISES INC,21028.96
"WELCH ALLYN, INC.",20952.15
EK SATYAVIS LLC,20896.0
DESCARTES VISUAL COMPLIANCE (USA) LLC,20817.0
MIDMARK CORPORATION,20774.79
CERTARA USA INC,20770.0
BIOFIRE DEFENSE LLC,20614.28
"MEDICAL WASTE DISPOSAL, LLC",20067.84
VANTIVE US HEALTHCARE LLC,20050.0
"MICROBRIGHTFIELD, LLC",20000.0
"THE EBP INSTITUTE, LLC",20000.0
CLEAR ANALYTIC SOLUTIONS LLC,20000.0
"ROSE LI AND ASSOCIATES, INC.",19999.97
KATELYN WILLIAMS,19920.0
THE REGENTS OF THE UNIVERSITY OF CALIFORNIA,19707.0
ARJO INC,19672.4
PRECISIONARY INSTRUMENTS LLC,19549.32
I TECH AG LLC,19519.5
HILLIGOSS HEALTHCARE CONSULTING LLC,19500.0
"MIDNIGHT SUN AUS, LLC",19347.9
MARYLAND PATIENT SAFETY CENTER INC.,19310.0
FERRO SOLUTIONS LLC,19261.0
"SPECTRA SERVICES, INC.",18906.88
"COLUMBUS INSTRUMENTS, LLC",18845.0
LGC CLINICAL DIAGNOSTICS INC,18840.4
"NEW ENGLAND BIOLABS, INC.",18651.2
"UPTODATE, INC",18613.0
"MAXIM HEALTHCARE SERVICES, INC.",18454.5
"INVIVOSCRIBE, INC.",18250.0
TELECOMMUNICATION SOLUTIONS GROUP INC,18160.0
RUNNERS INC,18090.0
"BRUKER NANO, INC",18028.0
"TRAINING AND DEVELOPMENT STRATEGIES, LLC",18000.0
"ORSENSE U.S., LLC",17971.2
VIBE INC.,17914.0
PERKINELMER U.S. LLC,17899.47
MEDTRONIC INC,17600.0
SUN NUCLEAR CORP.,17476.0
"ISCAN, INC.",17461.0
FUJIFILM VISUALSONICS INC.,17424.0
"BARD PERIPHERAL VASCULAR, INC.",17390.0
KARL STORZ ENDOSCOPY-AMERICA INC,17344.68
DORIC LENSES INC,17040.0
"CAPRICE ELECTRONICS, INC",16980.32
AQUATERRA ENVIRONMENTS LLC,16950.0
ZANTIKS LIMITED,16882.0
COMPU-GEN TECHNOLOGIES INC,16710.0
NOVANDI CHEMISTRY AB,16650.0
"SIGMA-ALDRICH, INC.",16640.440000000002
IBA DOSIMETRY AMERICA INC,16504.0
FIDELIS SUSTAINABILITY DISTRIBUTION LLC,16494.5
"USA SCIENTIFIC, INC.",16490.9
HEALTH LEVEL SEVEN INTERNATIONAL INC.,16480.0
COLLEGE OF AMERICAN PATHOLOGISTS,16250.0
ESAOTE NORTH AMERICA INC,16225.0
LEVEL ACCESS INC,16190.51
"HILL-ROM, INC.",16159.5
ZMT ZUERICH MEDTECH AG,16150.0
"INTERWORLD HIGHWAY, LLC",16048.05
CHEUNG YING KUEN,16000.0
"MORGAN, SCOTT W",16000.0
"BIOMED SERVICES, INC",15736.0
PEAK SCIENTIFIC INC,15731.78
"EVRON, INC.",15650.0
ONCOLOGY NURSING SOCIETY,15555.0
THE CHARLIE CART PROJECT,15500.0
COVER GUARD FITNESS LLC,15498.0
"MIRION TECHNOLOGIES (CAPINTEC), INC.",15367.3
"PSYCHOLOGICAL ASSESSMENT RESOURCES, INC.",15320.0
GOVERNMENT MLO SUPPLIES USA INC,15300.0
ENVIRONMENTAL CHEMICAL CORPORATION,15276.0
"TURNER SCIENTIFIC MONITORING, LLC",15250.0
MVAP MEDICAL SUPPLIES INC,15246.0
DAXSONICS ULTRASOUND INC,15200.0
POGO LINUX CORPORATION,15176.31
"THINKY U.S.A., INC.",15170.0
H4G ENTERPRISES LLC,15120.0
GRAY MATTER RESEARCH LLC,15100.0
"ESO SOLUTIONS, INC.",15000.0
"WRIGHT WOLD SCIENTIFIC, LLC",15000.0
"HUGO W. MOSER RESEARCH INSTITUTE AT KENNEDY KRIEGER, INC.",15000.0
SCINTICA INC,15000.0
TEAM PCS NORTH AMERICA LLC,14995.0
"WORLD PRECISION INSTRUMENTS, LLC",14976.0
BOSTON SCIENTIFIC CORP,14960.0
INTERNATIONAL POINT OF CARE INCORPORATED,14955.0
EDITCO BIO INC,14857.0
INTERA ONCOLOGY INC,14790.0
FOTRONIC CORPORATION,14783.0
"EUROFINS DISCOVERX PRODUCTS, LLC",14731.0
DIGI-KEY CORP,14695.0
"MOLECULAR INSTRUMENTS, INC",14690.16
"TECHNICAL SAFETY SERVICES, LLC",14530.28
SIMBIONIX USA CORPORATION,14500.0
LABCORP GENETICS INC.,14500.0
INTERNET ARCHIVE,14400.0
"SEQMATIC, LLC",14355.0
ARMSTRONG TEASDALE LLP,14272.0
BAYER HEALTHCARE LLC,14118.04
"MATTERHACKERS, INC.",14036.0
"CELLECTA, INC.",14000.0
RESEARCH FOUNDATION OF THE CITY UNIVERSITY OF NEW YORK,13871.0
TRUSTEES OF TUFTS COLLEGE,13584.0
"THERMASOLUTIONS HOLDINGS, LLC",13500.0
INTERMETRO INDUSTRIES CORP,13354.34
DEXORGEN INC.,13200.0
"NEU-ION, INC.",13180.0
"TOSOH BIOSCIENCE, INC.",13177.0
THE BOSTON ARCHITECTURAL COLLEGE,13176.0
"REPRINTS DESK, INC.",13125.0
"PARTICLE METRIX, INC.",13000.0
INVIVOGEN,12992.7
LAB ANIMAL SUPPLIES INC,12987.0
"MCBEE MOORE & VANIK IP, LLC",12945.0
"GETINGE USA SALES, LLC",12887.9
"RESEARCH AND DIAGNOSTIC SYSTEMS, INC",12879.5
"SCINOMIX, INC.",12780.0
HELLO BIO INC,12750.0
"COSTAR REALTY INFORMATION, INC.",12732.0
TRUSTEES OF BOSTON UNIVERSITY,12687.33
"PSYCHOLOGY SOFTWARE TOOLS, INC.",12676.0
HASKRIS CO,12664.0
"ELECTRICAL SAFETY SPECIALISTS, LLC",12650.0
"QUIDELORTHO SALES COMPANY, LLC",12600.0
"FRANKLIN BIOLABS, LLC",12472.3
MIDNIGHT SUN TECHNOLOGIES LLC,12420.92
"TECAN U.S., INC.",12366.34
DRAEGER INC,12360.1
"KARDEX REMSTAR, LLC",12360.0
KINETICS HYDRO INC,12355.0
"ALTAMONT SOFTWARE, INC.",12350.0
"OEPS ELECTRONICA PRODUCAO UNIPESSOAL, LDA.",12257.34
"FLOWJO, LLC",12092.0
"FRESENIUS USA, INC",11980.0
WINN SOLUTIONS LLC,11893.0
"TAKARA BIO USA, INC.",11770.5
CYAGEN BIOMODELS LLC,11749.5
FLUKE ELECTRONICS CORP,11736.0
THE CHICAGO SCHOOL OF PROFESSIONAL PSYCHOLOGY,11692.0
"COMMERCIAL MARKETING ASSOCIATES, INC.",11643.9
"BRIDGE INFORMATICS, INC.",11600.0
"SARSTEDT, INC",11421.8
MYBIOSOURCE INC,11410.0
FOUR LLC,11349.7
BPS BIOSCIENCE INC.,11340.0
"WICKED LIQUID, INC",11280.0
AUTOMATION CENTRE L.C.,11279.0
IPEC PERFECT CREATION LLC,11240.0
"NOLDUS INFORMATION TECHNOLOGY, INC.",11215.0
"DIRECT CREMATION SERVICES OF VIRGINIA, LLC",11206.09
HORIBA INSTRUMENTS INCORPORATED,11124.0
"THE CHANCELLOR, MASTERS AND SCHOLARS OF THE UNIVERSITY OF OXFORD",11113.0
VENDNOVATION LLC,11066.25
ZAIPUT FLOW TECHNOLOGIES LLC,11037.6
UNIVERSITY OF KANSAS CENTER FOR RESEARCH INC,10900.0
MCCOY RUSSELL LLP,10670.0
VERTIV CORPORATION,10552.0
BOROUMAND SHAHDOKHT,10500.0
THORNTON SERVICE INC,10356.0
LABCORP EARLY DEVELOPMENT LABORATORIES INC,10335.86
"INTEGRATED DNA TECHNOLOGIES, INC.",10215.88
DANTON MARY JO,10192.0
ELSEVIER B.V.,10100.0
CAMBRIDGE ELECTRONIC DESIGN LIMITED,10035.0
INTERNATIONAL TELEVISION CORPORATION,10022.99
INO THERAPEUTICS LLC,10000.0
"BUCHANAN & EDWARDS, INC.",10000.0
JEFFREY R. SIMARD,10000.0
MEG BOUVIER MEDICAL WRITING LLC,9999.99
"ELON INSIGHTS, LLC",9950.0
YANHONG SHI,9800.0
TONI PEARSON,9800.0
N&S PROPERTY SERVICES LLC,8646.18
TOVUTI INC,8500.0
"FRANKLIN ADME CONSULT, LLC",8381.25
"S & W IMAGING SERVICES, LLC",7504.89
"PREMIER HEALTHCARE SOLUTIONS, INC",7500.0
LINDSAY A WALKER,7072.0
METTLER-TOLEDO LLC,6940.0
ONIX NETWORKING CORP,6800.0
HTX TECHNOLOGIES LLC,6736.5
"HARTING ASSOCIATES, INC.",5275.0
"HISTOSERV, INC",5000.0
AECOM SMITH CARTER JOINT VENTURE,4904.0
MAGEE-WOMENS RESEARCH INSTITUTE AND FOUNDATION,4840.0
"IMPERIAL VALET SERVICE, INC",4746.0
UNIVERSITY OF HAWAII,4512.0
REDISHRED ACQUISITION INC,4324.2
"BIOTAGE, LLC",3663.0
AG JV,3263.3
ESSENTIAL ACCESS HEALTH,2653.0
LABORATORY CORPORATION OF AMERICA,2000.0
CANTOR COLBURN LLP,1911.8599999999997
AFORGE LLC,1364.87
ARALDI GIAN LUCA,860.0
KITWARE INC,0.0
"IRAI TECHNOLOGIES, LLC",0.0
RIPTIDE THERAPEUTICS LLC,0.0
"KEARNEY & COMPANY, P.C.",0.0
"TRI-PHARMA, INC.",0.0
RESCUE ONE TRAINING FOR LIFE INC,0.0
REVOLUTIONARY SOLUTIONS LLC,0.0
"LEOTA PROFESSIONAL RESOURCES, LLC",0.0
THE INSTITUTE FOR CANCER RESEARCH,0.0
THE GLOBAL ALLIANCE FOR TB DRUG DEVELOPMENT INC,0.0
THE EFFICIENCY GROUP LLC,0.0
MORSE NICHOLS & ASSOCIATES LLC,0.0
MORPHOSIS INC,0.0
"MPF FEDERAL, LLC",0.0
"BAYSPEC, INC.",0.0
BARUCH S. BLUMBERG INSTITUTE,0.0
"BRAIN ELECTROPHYSIOLOGY LABORATORY COMPANY, LLC",0.0
BOONERANG CONSULTING LLC,0.0
CALIFORNIA INSTITUTE OF TECHNOLOGY,0.0
CALYX SYSTEMS LLC,0.0
"ACOUSTICABIO, INC.",0.0
BROWN UNIVERSITY,0.0
"CERAMEDIX HOLDING, LLC",0.0
CAREER MANAGEMENT INTERNATIONAL INC,0.0
"DLT SOLUTIONS, LLC",0.0
"DIGITALIS COMMONS, INC.",0.0
VELOCITY GROUP LLC,0.0
"CERES NANOSCIENCES, INC.",0.0
COLORADO STATE UNIVERSITY,0.0
"CELLSIGHT TECHNOLOGIES, INC.",0.0
VIVONICS INC,0.0
COHERENT INC,0.0
SOUTHERN RESEARCH INSTITUTE,0.0
GREENBRIER GOVERNMENT SOLUTIONS INC,0.0
"GLYCOSCIENTIFIC, L.L.C.",0.0
"FM SYSTEMS, INC.",0.0
FLAMBEAU DIAGNOSTICS LLC,0.0
INSTITUT DE FORMULATION DES VACCINS (CH) SA,0.0
"UNIVERSITY OF KENTUCKY RESEARCH FOUNDATION, THE",0.0
CREDENCE MANAGEMENT SOLUTIONS LIMITED LIABILITY COMPANY,0.0
BMNT INC.,0.0
"BLACKSMITH MEDICINES, INC.",0.0
"DENVER COMPANIES, LLC",0.0
SUNTIVA LLC,0.0
"REGENTS OF THE UNIVERSITY OF CALIFORNIA, THE",0.0
LASSO INFORMATICS US INC,0.0
LORENZ INTERNATIONAL LLC,0.0
"QUVA PHARMA, INC.",0.0
MEDENTUM INNOVATIONS INC,0.0
BELLETORUS CORPORATION,0.0
"PROTEIOS TECHNOLOGY, INC.",0.0
LUNA LABS USA LLC,0.0
LOUVIERE STRATTON & YOKEL LLC,0.0
TRACE BIOSCIENCES INC,0.0
OWENS & MINOR DISTRIBUTION INC,0.0
AFG GROUP INC.,0.0
PISTEVO DECISION LLC,0.0
MISSISSIPPI STATE DEPARTMENT OF HEALTH,0.0
ML HUNTER LP,0.0
"PATRIOT STRATEGIES, LLC",0.0
OCEANIT LABORATORIES INC,0.0
NORTH AMERICAN ASSOCIATION OF CENTRAL CANCER REGISTRIES INC,0.0
"ORTHO-CLINICAL DIAGNOSTICS, INC",0.0
"ASSOCIATION OF PUBLIC HEALTH LABORATORIES, INC. (THE)",0.0
"OPTOSURGICAL, LLC",0.0
"OLGOONIK ENTERPRISES, LLC",0.0
UNLIMITED TECHNOLOGY SYSTEMS LLC,0.0
"SERVICE MACHINE SHOP, INCORPORATED",0.0
ACCESS TO ADVANCED HEALTH INSTITUTE,0.0
HENNEPIN HEALTHCARE RESEARCH INSTITUTE,0.0
SECUREMEDY INC,0.0
GODX INC,0.0
HAEMONETICS CORPORATION,0.0
"FAST-TRACK DRUGS & BIOLOGICS, L.L.C.",0.0
FIRE CREEK SERVICES COMPANY,0.0
GRANT THORNTON LLP,0.0
"UNICOM GOVERNMENT, INC.",0.0
SCRIPTPRO USA INC,0.0
"UNIQNET S3, LLC",0.0
"IMPACT BUSINESS INFORMATION SOLUTIONS, INC.",0.0
"4CORE SOLUTIONS, LLC",0.0
AVANTGEN INC,0.0
EARLYDIAGNOSTICS INC,0.0
ELEKTA INC,0.0
AUSCULTECH DX LLC,0.0
"STRATCOMM, INC.",-0.02
"SWIFT BIOSCIENCES, INC.",-0.02
"AT&T ENTERPRISES, LLC",-0.02
THERMO FISHER SCIENTIFIC (ASHEVILLE) LLC,-0.02
"ADVENTIST HEALTHCARE, INC.",-0.04
KAMTEK INC,-0.34
"CRESTONE, INC.",-1.0
BACHEM AMERICAS INC,-1.41
"AGILENT TECHNOLOGIES, INC.",-1.7
"OLYMPUS AMERICA, INC.",-5.09
HALO BRANDED SOLUTIONS INC,-8.49
"BIOCENTRIC, INC.",-9.28
GREFFEX INC,-11.0
"ELEGANT ENTERPRISE-WIDE SOLUTIONS, INC.",-15.25
COMMUNICATEHEALTH INC,-16.0
OCEAN OPTICS INC,-33.0
FOX ROTHSCHILD LLP,-38.39
"LORD AND TUCKER MANAGEMENT CONSULTANTS, L.L.C.",-41.96
"ENVIGO RMS, INC.",-42.15
"HENRY SCHEIN, INC.",-50.0
OLYMPUS AMERICA INC,-100.0
"FUJIFILM CELLULAR DYNAMICS, INC",-126.33
BIOCRATES LIFE SCIENCES AG,-132.0
"CELL APPLICATIONS, INC.",-144.41
ARBEE ASSOCIATES,-166.07
BERKSON JOANN,-247.0
"BIO IMAGE SYSTEMS, INC.",-300.0
DYNPORT VACCINE COMPANY LLC,-351.71
LIFELINE MOBILE INC,-400.0
GEORGE WASHINGTON UNIVERSITY (THE),-466.16999999999825
ARUP LABORATORIES INC,-480.0
THOREN CAGING SYSTEMS INC,-500.0
"DYNAMIC SYSTEMS TECHNOLOGY, INC.",-529.35
TEKNION LLC,-560.21
"O'REILLY MEDIA, INC.",-621.97
"MERIDIAN IMAGING SOLUTIONS, INC.",-806.25
GREATER LOS ANGELES VETERANS RESEARCH AND EDUCATION FOUNDATION,-830.73
RELX INC,-840.0
"GENE BY GENE, LIMITED",-882.0
"NANOCOMPOSIX, INC.",-960.0
NIGHTINGALE CORP,-1050.0
AVITECTURE INC,-1142.22
ALTUM INC,-1180.44
SHABAS SOLUTIONS LLC,-1200.0
"KONICA MINOLTA BUSINESS SOLUTIONS U.S.A, INC.",-1205.99
MEDCHEMEXPRESS LLC,-1275.0
CLEAN VENTURE INC,-1428.15
"BARBER OPTICS, INC.",-1462.5
TROPICAL GASTROENTEROLOGY AND NUTRITION LIMITED,-1490.02
"TREDWELL PHD, A LEON",-1500.0
"LEVEL 3 COMMUNICATIONS, LLC",-1530.6
"GEORGE W. ALLEN CO., INC.",-1571.6
JTF BUSINESS SYSTEMS CORPORATION,-1624.41
DAVID A. HALL,-1800.0
SALIENT SCIENCE & TECHNOLOGY LLC,-2000.0
S C & A INC,-2102.42
LHCW HOTEL OPERATING COMPANY (2002) LLC,-2346.82
"DATAWATCH SYSTEMS, INC.",-2454.92
"LOWERY CREEK CONSULTING, LLC",-2484.0
"CONFIANCE GROUP, LLC, THE",-2535.0
"CENSEO CONSULTING GROUP, INC.",-2600.0
EVELIQURE BIOTECHNOLOGIES GMBH,-2618.31
"FM TALENT SOURCE, LLC",-2618.44
ENVIRONMENTAL MANAGEMENT SERVICES INC,-2655.35
FORESIGHT SCIENCE & TECHNOLOGY INC,-2984.48
NEWPORT CORPORATION,-3049.55
"HEIDELBERG ENGINEERING, INC.",-3050.0
"SHANGHAI DREAM LASERS TECHNOLOGY CO., LTD",-3098.0
SHERIDAN ROSS P.C.,-3290.0
"UNITED OXYGEN COMPANY, INC.",-3320.83
"ANIMAL SPECIALTIES AND PROVISIONS SOUTH, LLC",-3371.79
"GENEWIZ, LLC",-3432.43
"METTLER-TOLEDO RAININ, LLC",-3596.82
ARCET EQUIPMENT CO,-3605.18
PINNACLE TECHNOLOGY DE LLC,-3620.52
W & T TRAVEL SERVICES LLC,-3750.02
OGILVY PUBLIC RELATIONS WORLDWIDE LLC,-3790.31
"JM SISCO PHARMA CONSULTING, LLC",-4052.0
SAINT LOUIS UNIVERSITY,-4109.57
"BLACKROCK MICROSYSTEMS, INC",-4399.96
UNIVERSITY OF KINSHASA,-4542.0
CHILDRENS HOSPITAL MEDICAL CENTER,-4600.0
PARKING MANAGEMENT INC,-4637.46
"LAKEPHARMA, INC.",-4964.9400000000005
INTEGRA BIOSCIENCES CORP.,-4972.5
A.D. INDUSTRIES & CONSULTING LLC,-5000.0
HAYDOM LUTHERAN HOSPITAL,-5089.67
WATERS CORPORATION,-5101.71
"WHM CONSULTING, LLC",-5300.0
ANDERSON PAUL C,-5400.0
HAMILTON COMPANY,-5546.89
"BIO TECHNIC SERVICES, LLC",-5560.0
"PHARMARON, INC",-5760.0
CYPROTEX US LLC,-6029.94
"CRYO-EXPRESS, LLC",-6093.77
IIT RESEARCH INSTITUTE,-6373.0
"SUPERIOR TASKING ADVANTAGE CONTRACTING, INC.",-6784.21
VIVITIDE LLC,-6955.0
"ALCON VISION, LLC",-7027.8
GIROD HOLT CONSERVATION LLC,-7203.75
ABT GLOBAL LLC,-7274.0
"WEBFIRST, INC",-7446.16
NEDERLANDSE ORGANISATIE VOOR TOEGEPAST-NATUURWETENSCHAPPELIJK ONDERZOEK TNO,-7560.02
IDT BIOLOGIKA GMBH,-7748.0
"PARAGON TEC, INC.",-8122.17
PROGENICS PHARMACEUTICALS INC,-8311.0
CHILDREN'S NATIONAL MEDICAL CENTER,-8635.87
"MILTENYI BIOTEC, INC.",-8756.84
KPMG LLP,-9478.55
ANTIBODIES INCORPORATED,-9560.0
"KHOSRAVI, PARMIS",-9674.99
ROMERO DONNA L,-9787.5
"SOCIAL SOLUTIONS INTERNATIONAL, INC.",-9825.6
MAKERERE UNIVERSITY CENTRE FOR HEALTH & POPULATION RESEARCH,-10150.0
OLINK PROTEOMICS AB,-10300.0
INFINITY BIOLOGIX LLC,-10318.3
"COULBOURN INSTRUMENTS, LLC",-10514.49
"SIGMOVIR BIOSYSTEMS, INC.",-10737.16
"IDONEOUS EDUCATIONAL SERVICES, INC.",-10810.09
NEW YORK UNIVERSITY,-10837.5
MODULAR COMPONENT SYSTEMS LLC,-11372.72
"CEDAR INTERACTIVE, INC.",-11391.5
"RUTGERS, THE STATE UNIVERSITY",-11400.0
CORNER ALLIANCE INCORPORATED,-11496.47
SRC INC,-11723.67
BOSTON IMAGE READING CENTER LLC,-12000.0
NOVOTECH DRUG DEVELOPMENT CONSULTING LLC,-12044.5
"D.R.E. MEDICAL GROUP, INC.",-12185.0
BOTSWANA BAYLOR CHILDREN'S CLINICAL CENTRE OF EXCELLENCE,-12190.0
"CASPIAN SEA, LLC",-12420.0
AMERICAN UNIVERSITY,-12500.0
"HILL INTERNATIONAL, INC.",-12670.29
NEUROLUX INC,-13000.0
RASHID ADNAN,-13100.0
UNIVERSITY OF MASSACHUSETTS BIOLOGIC LABS,-13200.0
"LEVEL 3 TELECOM HOLDINGS, LLC",-13385.81
"EDWARDS INDUSTRIES, LLC.",-13464.08
"DAKER, RICHARD",-14000.0
MIDTOWN PERSONNEL INC.,-14471.31
"LEWIS ROCA ROTHGERBER CHRISTIE, LLP.",-14775.0
"SUGHRUE MION, PLLC",-14913.54
CENTER FOR DISEASE PREVENTION & CONTROL OF SICHUAN,-14996.0
SEDECAL MOLECULAR IMAGING SL,-15000.0
THE MED WRITERS LLC,-16427.0
"CISBIO US, INC.",-16800.0
IMSOLUTIONS LLC,-16919.41
PUBLIC LIBRARY OF SCIENCE,-17405.0
CINCINNATI UNIV OF,-17411.66
"STAFFING ALTERNATIVES, INC.",-17925.02
ZVITAMBO INSTITUTE FOR MATERNAL AND CHILD HEALTH RESEARCH,-18593.47
"ZIMMERMAN ASSOCIATES, INC.",-19054.74
"VERSITI WISCONSIN, INC.",-19532.83
SAN DIEGO STATE UNIVERSITY FOUNDATION,-19909.39
STATE OF NORTH CAROLINA DEPARTMENT OF HEALTH & HUMAN SERVICES,-20000.0
"CHILDREN'S HOSPITAL CORPORATION, THE",-20589.89
"SOFT TECH CONSULTING, INC.",-20866.63
PGI HOLDING CORPORATION,-20973.0
SYMPLICITY CORPORATION,-21120.45
ADVANCED DECISION VECTORS LLC,-21355.75
CAITTA INC.,-22283.84
SYNTHEGO CORPORATION,-23036.07
GORDON RESEARCH CONFERENCES,-24000.0
GENERAL ELECTRIC COMPANY,-24000.0
ELEMENT MATERIALS TECHNOLOGY IOWA CITY INC.,-24752.0
UNIVERSITA' DEGLI STUDI DELL'AQUILA,-24800.0
"FOUNDATION MEDICINE, INC.",-25000.0
ENVIGO GLOBAL SERVICES INC,-25000.0
NORTHWESTERN UNIVERSITY,-25654.93
SARTORIUS STEDIM NORTH AMERICA INC.,-27240.0
MS BIOWORKS LLC,-28800.0
"ICF ESAC, LLC",-29357.59
NEXT CENTURY CORPORATION,-30816.33
ACCRETECH AMERICA INC.,-32000.0
PROGRESSIVE INDUSTRIES INC,-32543.23
WIDEPOINT INTEGRATED SOLUTIONS CORP,-32894.35
"JOHN J. YIM & ASSOCIATES, LLC",-33153.25
LABORATORY CORP OF AMERICA,-33634.0
"ACEA BIOSCIENCES, INC.",-33772.5
CHEF DEMITRIA SCOTT-LYNCH,-35500.0
TURNINGPOINT-DSFEDERAL JV LLC,-35546.84
SODEXO MANAGEMENT INC.,-36322.94
"T-MOBILE USA, INC.",-37862.77
"RESILIENCE GOVERNMENT SERVICES, INC.",-38529.84
"THE AMERICAN SOCIETY OF HUMAN GENETICS, INCORPORATED",-39306.600000000006
TECHNOLOGIST INC.,-42183.81
"ROSALIND, INC.",-43055.5
EFFECTUAL PUBLIC SECTOR INC,-43112.119999999995
EUROFINS DISCOVERX LLC,-43677.15
"SUPREME SOLUTIONS, INC",-44909.84
"PROFESSIONAL AND SCIENTIFIC ASSOCIATES, INC.",-49287.46000000001
EFFECTIFF LLC,-49562.42
COMPREHENSIVE RESEARCH SOLUTIONS LLC,-50366.63
MEDSTAR HEALTH RESEARCH INSTITUTE INC.,-51770.82
ZERO TRUST LLC,-54873.21
UNIVERSITY OF MIAMI,-57333.61
"TACONIC BIOSCIENCES, INC.",-60972.55
THE TRUSTEES OF COLUMBIA UNIVERSITY IN THE CITY OF NEW YORK,-61901.770000000004
"MAXIMUS FEDERAL CONSULTING, LLC",-64745.72
UNIVERSITY OF ILLINOIS,-67950.8
"MISSOURI BREAKS INDUSTRIES RESEARCH, INC",-68727.59
XENOTECH LLC,-71919.0
"BENUVIA OPERATIONS, LLC",-75948.52
"SYSTEX, INC",-82673.07
"YOUR RECRUITING COMPANY, INC.",-87888.03
IMMUNO MYCOLOGIES INC,-89593.0
"UNIVERSITE DES SCIENCES, DES TECHNIQUES ET DES TECHNOLOGIES DE BAMAKO (USTTB)",-89983.66
TRAVEL CONCEPTS INC,-99932.70999999999
"TA MANAGEMENT SOLUTIONS, LLC",-107073.25
"BIOFORTIS, LLC",-107590.11
UNIVERSITY OF PITTSBURGH - OF THE COMMONWEALTH SYSTEM OF HIGHER EDUCATION,-118814.22
INVETECH INC,-124000.0
"TRUSTEES OF THE UNIVERSITY OF PENNSYLVANIA, THE",-125556.0
"CTRMG-GAPSI JV, LLC",-126612.95
ADVANCED AUTOMATION TECHNOLOGIES INC,-129538.10999999999
EDWARDS WILDMAN PALMER LLP,-129730.48000000001
"BNF TECHNOLOGIES, INC.",-130578.55
THE JOHNS HOPKINS UNIVERSITY,-132602.11999999997
THE CDM GROUP INC,-133764.02
"AZENTA, INC.",-134800.56
UNIVERSITY OF WASHINGTON,-146633.80999999994
THE HILL GROUP INC,-148529.0
WONDRUS CONSULTING LLC,-149730.0
INNODATA INC,-149957.7
THE UNIVERSITY OF NORTH TEXAS HEALTH SCIENCE CENTER AT FORT WORTH,-151162.0
TRANSMURAL SYSTEMS LLC,-157516.0
FRED HUTCHINSON CANCER CENTER,-158475.21999999997
CTR MANAGEMENT GROUP LLC,-162543.1
STATE OF MARYLAND,-186869.96
"SCHATZ PUBLISHING GROUP, LLC",-195105.21
NATIONAL ACADEMY OF SCIENCES,-200334.13
"TAI PEDRO & ASSOCIATES, P.C.",-210965.24
DEPARTMENT OF PUBLIC HEALTH CONNECTICUT,-222837.73
ABVIRO LLC,-229705.02
"COUNCIL ROCK CONSULTING, INC.",-233065.49
"HARBOR HOSPITAL, INC.",-248818.45
"AKIMEKA, LLC",-250000.0
THE JOHNS HOPKINS HEALTH SYSTEM CORPORATION,-251156.5
"HOPE HEALTH SYSTEMS, INC",-253026.78
ND PROPERTIES LLC,-262571.23
WAYNE STATE UNIVERSITY,-269025.08
AMERICAS STAFFING PARTNER INC,-271579.65
"INNOVATIVE CONSULTING & MANAGEMENT SERVICES, LLC",-281221.5
"CDIC, INC.",-312691.65
"LAULIMA GOVERNMENT SOLUTIONS, LLC",-347802.9
SUPERIOR SKILLED TRADES LLC,-350000.0
"INTERNATIONAL DEVELOPMENT & RESOURCES, INC.",-380098.93000000005
MICHIGAN PUBLIC HEALTH INSTITUTE,-384513.28
LUMINA CORPS INC.,-428265.77
CMCVR INC,-513702.01
VAXINE PTY LTD,-535698.0
"PALLADIAN PARTNERS, INC.",-538384.6000000001
REGENTS OF THE UNIVERSITY OF MICHIGAN,-549277.1
"MITCHELL GROUP, INC. (THE)",-550206.58
"POLYPEPTIDE LABORATORIES SAN DIEGO, LLC",-569438.4
THOMAS JEFFERSON UNIVERSITY,-602730.36
UNIVERSITY OF ROCHESTER,-620894.94
ECOLOGY SERVICES INC,-715401.96
"NTT DATA FEDHEALTH, INC.",-729708.5999999999
"BANYAN COMMUNICATIONS, INC.",-817905.44
THE MEDICAL UNIVERSITY OF SOUTH CAROLINA,-823799.9
THE UNIVERSITY OF IOWA,-924224.45
"MATTHEWS MEDIA GROUP, INC",-972960.67
MATERIALS & MACHINES CORP OF AMERICA,-1005400.0
"ICON GOVERNMENT AND PUBLIC HEALTH SOLUTIONS, INC.",-1030601.85
THE BIZZELL GROUP LLC,-1097131.97
"ENTERPRISE RESOURCE PERFORMANCE, LLC",-1177675.59
THE MCLEAN HOSPITAL CORPORATION,-1370525.78
"HAWAII BIOTECH, INC.",-2666912.0
ALLIANCE FOR ADVANCING BIOMEDICAL RESEARCH,-2704965.0
"MEDICAL SCIENCE & COMPUTING, LLC",-2898830.91
"COMPUTER WORLD SERVICES, CORP.",-8019719.99
PPD DEVELOPMENT LP,-24936041.759999998
